Model,Score
AdaBoost,0.5757471530706494
XGB,0.5826519665566796
LogisticRegression,0.501458443415743
SGDClassifier,0.5020281163018188
DecisionTree,0.5221183347136418
SVC,0.5403285604169376
Perceptron,0.41876648614151046
GaussianNB,0.5085096175783698
MLP,0.5508125842434739
RandomForest,0.5894245855275774
GradientBoost,0.6044400328366144
KNeighbors,0.5609131897682381
