Model,Score
SGDClassifier,0.5029393822750585
KNeighbors,0.5715696486757337
LogisticRegression,0.5029439563015466
GradientBoost,0.6083226184806338
GaussianNB,0.4762378687777803
AdaBoost,0.5788516941692715
MLP,0.5945634883074472
Perceptron,0.42584701914951995
XGB,0.5903640476410884
RandomForest,0.5916584728107794
SVC,0.5890406312814569
DecisionTree,0.5279397883173665
