Model,Score
KNeighbors,0.5632652210595742
RandomForest,0.5818541330011827
SVC,0.5899368245003959
SGDClassifier,0.5077517421389841
GradientBoost,0.6036810744295942
GaussianNB,0.4762378687777803
LogisticRegression,0.5052477179258472
DecisionTree,0.5255605424949981
AdaBoost,0.5740082765468589
Perceptron,0.4364604756725642
MLP,0.5880247171359431
XGB,0.6075571385085566
